{
    "transport_truck": {
        "transport_mode": "transport_truck",
        "ADPe": 1.98e-12,
        "ADPf": 0.000703,
        "AP": 3.19e-07,
        "CTUe": 3.39e-05,
        "CTUh_c": 8.85e-16,
        "CTUh_nc": 9.58e-14,
        "Epf": 1.89e-11,
        "Epm": 1.5e-07,
        "Ept": 1.64e-06,
        "GWP": 5.04e-05,
        "GWPb": 0.0,
        "GWPf": 5.04e-05,
        "GWPlu": 0.0,
        "IR": 1.23e-07,
        "LU": 0.0,
        "ODP": 7.72e-14,
        "PM": 2.59e-12,
        "POCP": 4.14e-07,
        "WU": 1.91e-07,
        "MIPS": 2.27e-05,
        "DEEE": 0.0,
        "TPE": 0.000704
    },
    "transport_boat": {
        "transport_mode": "transport_boat",
        "ADPe": 4.62e-13,
        "ADPf": 0.000163,
        "AP": 5.34e-07,
        "CTUe": 7.92e-06,
        "CTUh_c": 1.89e-16,
        "CTUh_nc": 4.28e-14,
        "Epf": 4.46e-12,
        "Epm": 1.22e-07,
        "Ept": 1.34e-06,
        "GWP": 1.33e-05,
        "GWPb": 0.0,
        "GWPf": 1.33e-05,
        "GWPlu": 0.0,
        "IR": 2.63e-08,
        "LU": 0.0,
        "ODP": 1.65e-14,
        "PM": 2.76e-12,
        "POCP": 3.45e-07,
        "WU": 4.2e-08,
        "MIPS": 5.25e-06,
        "DEEE": 0.0,
        "TPE": 0.000164
    },
    "transport_plane": {
        "transport_mode": "transport_plane",
        "ADPe": 8.31e-11,
        "ADPf": 0.0295,
        "AP": 8.77e-06,
        "CTUe": 0.00137,
        "CTUh_c": 3.19e-14,
        "CTUh_nc": 1.67e-12,
        "Epf": 7.44e-10,
        "Epm": 3.95e-06,
        "Ept": 4.32e-05,
        "GWP": 0.00211,
        "GWPb": 0.0,
        "GWPf": 0.00211,
        "GWPlu": 0.0,
        "IR": 3.89e-06,
        "LU": 0.0,
        "ODP": 2.44e-12,
        "PM": 5.44e-11,
        "POCP": 1.06e-05,
        "WU": 8.38e-06,
        "MIPS": 0.000937,
        "DEEE": 0.0,
        "TPE": 0.0295
    }
}